{
    "utterances": [
        {
            "text": "set Shield",
            "entities": [
                {
                    "entity": "spell:spell",
                    "start": 4,
                    "end": 10,
                    "body": "Shield",
                    "entities": []
                }
            ],
            "traits": [],
            "intent": "cast_spell"
        },
        {
            "text": "set fireball",
            "entities": [
                {
                    "entity": "spell:spell",
                    "start": 4,
                    "end": 12,
                    "body": "fireball",
                    "entities": []
                }
            ],
            "traits": [],
            "intent": "cast_spell"
        },
        {
            "text": "teleport forward",
            "entities": [
                {
                    "entity": "spell:spell",
                    "start": 0,
                    "end": 9,
                    "body": "teleport ",
                    "entities": []
                },
                {
                    "entity": "direction:direction",
                    "start": 9,
                    "end": 16,
                    "body": "forward",
                    "entities": []
                }
            ],
            "traits": [],
            "intent": "cast_spell"
        }
    ]
}
