{
    "name": "spell",
    "roles": [
        "spell"
    ],
    "lookups": [
        "free-text",
        "keywords"
    ],
    "keywords": [
        {
            "keyword": "Shield",
            "synonyms": [
                "shield"
            ]
        },
        {
            "keyword": "fireball",
            "synonyms": [
                "fireball"
            ]
        },
        {
            "keyword": "grab",
            "synonyms": [
                "grab"
            ]
        },
        {
            "keyword": "teleport",
            "synonyms": [
                "teleport"
            ]
        }
    ]
}
